country,continent,year,vulnerable_pop
Afghanistan,Asia,1952,1685067
Afghanistan,Asia,1957,1848187
Afghanistan,Asia,1962,2053417
Afghanistan,Asia,1967,2307593
Afghanistan,Asia,1972,2615892
Afghanistan,Asia,1977,2976074
Afghanistan,Asia,1982,2576363
Afghanistan,Asia,1987,2773591
Afghanistan,Asia,1992,3263584
Afghanistan,Asia,1997,4445483
Afghanistan,Asia,2002,5053681
Afghanistan,Asia,2007,6377985
Albania,Europe,1952,256539
Albania,Europe,1957,295301
Albania,Europe,1962,345627
Albania,Europe,1967,396812
Albania,Europe,1972,452711
Albania,Europe,1977,501810
Albania,Europe,1982,556019
Albania,Europe,1987,615064
Albania,Europe,1992,665300
Albania,Europe,1997,685608
Albania,Europe,2002,701702
Albania,Europe,2007,720105
Algeria,Africa,1952,1855905
Algeria,Africa,1957,2054171
Algeria,Africa,1962,2200190
Algeria,Africa,1967,2552100
Algeria,Africa,1972,2952157
Algeria,Africa,1977,3430561
Algeria,Africa,1982,4006751
Algeria,Africa,1987,4650991
Algeria,Africa,1992,5259675
Algeria,Africa,1997,5814403
Algeria,Africa,2002,6257428
Algeria,Africa,2007,6666643
Angola,Africa,1952,846419
Angola,Africa,1957,912272
Angola,Africa,1962,965203
Angola,Africa,1967,1049494
Angola,Africa,1972,1178972
Angola,Africa,1977,1232535
Angola,Africa,1982,1403277
Angola,Africa,1987,1574846
Angola,Africa,1992,1747198
Angola,Africa,1997,1975005
Angola,Africa,2002,2173221
Angola,Africa,2007,2484095
Argentina,Americas,1952,3575391
Argentina,Americas,1957,3922108
Argentina,Americas,1962,4256757
Argentina,Americas,1967,4586845
Argentina,Americas,1972,4955960
Argentina,Americas,1977,5396766
Argentina,Americas,1982,5868275
Argentina,Americas,1987,6324184
Argentina,Americas,1992,6791789
Argentina,Americas,1997,7240693
Argentina,Americas,2002,7666224
Argentina,Americas,2007,8060385
Australia,Oceania,1952,1738242
Australia,Oceania,1957,1942514
Australia,Oceania,1962,2158994
Australia,Oceania,1967,2374453
Australia,Oceania,1972,2635400
Australia,Oceania,1977,2814820
Australia,Oceania,1982,3036840
Australia,Oceania,1987,3251450
Australia,Oceania,1992,3496395
Australia,Oceania,1997,3713049
Australia,Oceania,2002,3909358
Australia,Oceania,2007,4086835
Austria,Europe,1952,1385554
Austria,Europe,1957,1393172
Austria,Europe,1962,1425973
Austria,Europe,1967,1475400
Austria,Europe,1972,1508840
Austria,Europe,1977,1513686
Austria,Europe,1982,1514923
Austria,Europe,1987,1515781
Austria,Europe,1992,1582994
Austria,Europe,1997,1613975
Austria,Europe,2002,1629662
Austria,Europe,2007,1639957
Bahrain,Asia,1952,24089
Bahrain,Asia,1957,27731
Bahrain,Asia,1962,34373
Bahrain,Asia,1967,40436
Bahrain,Asia,1972,46160
Bahrain,Asia,1977,59482
Bahrain,Asia,1982,75593
Bahrain,Asia,1987,90922
Bahrain,Asia,1992,105898
Bahrain,Asia,1997,119712
Bahrain,Asia,2002,131279
Bahrain,Asia,2007,141715
Bangladesh,Asia,1952,9377372
Bangladesh,Asia,1957,10273094
Bangladesh,Asia,1962,11367858
Bangladesh,Asia,1967,12564377
Bangladesh,Asia,1972,14151859
Bangladesh,Asia,1977,16085661
Bangladesh,Asia,1982,18614881
Bangladesh,Asia,1987,20752848
Bangladesh,Asia,1992,22740916
Bangladesh,Asia,1997,24663058
Bangladesh,Asia,2002,27131358
Bangladesh,Asia,2007,30089668
Belgium,Europe,1952,1746081
Belgium,Europe,1957,1797822
Belgium,Europe,1962,1843680
Belgium,Europe,1967,1911300
Belgium,Europe,1972,1941820
Belgium,Europe,1977,1964360
Belgium,Europe,1982,1971261
Belgium,Europe,1987,1974040
Belgium,Europe,1992,2009124
Belgium,Europe,1997,2039957
Belgium,Europe,2002,2062394
Belgium,Europe,2007,2078445
Benin,Africa,1952,347663
Benin,Africa,1957,385035
Benin,Africa,1962,430379
Benin,Africa,1967,485467
Benin,Africa,1972,552281
Benin,Africa,1977,633653
Benin,Africa,1982,728321
Benin,Africa,1987,848758
Benin,Africa,1992,996334
Benin,Africa,1997,1213216
Benin,Africa,2002,1405223
Benin,Africa,2007,1615663
Bolivia,Americas,1952,576663
Bolivia,Americas,1957,642348
Bolivia,Americas,1962,718784
Bolivia,Americas,1967,808133
Bolivia,Americas,1972,913174
Bolivia,Americas,1977,1015943
Bolivia,Americas,1982,1128445
Bolivia,Americas,1987,1231274
Bolivia,Americas,1992,1378690
Bolivia,Americas,1997,1538638
Bolivia,Americas,2002,1689027
Bolivia,Americas,2007,1823830
Bosnia and Herzegovina,Europe,1952,558200
Bosnia and Herzegovina,Europe,1957,615200
Bosnia and Herzegovina,Europe,1962,669800
Bosnia and Herzegovina,Europe,1967,717000
Bosnia and Herzegovina,Europe,1972,763800
Bosnia and Herzegovina,Europe,1977,817200
Bosnia and Herzegovina,Europe,1982,834539
Bosnia and Herzegovina,Europe,1987,867795
Bosnia and Herzegovina,Europe,1992,851203
Bosnia and Herzegovina,Europe,1997,721400
Bosnia and Herzegovina,Europe,2002,833083
Bosnia and Herzegovina,Europe,2007,910440
Botswana,Africa,1952,88462
Botswana,Africa,1957,94928
Botswana,Africa,1962,102553
Botswana,Africa,1967,110708
Botswana,Africa,1972,123870
Botswana,Africa,1977,156294
Botswana,Africa,1982,194069
Botswana,Africa,1987,230237
Botswana,Africa,1992,268523
Botswana,Africa,1997,307307
Botswana,Africa,2002,326069
Botswana,Africa,2007,327826
Brazil,Americas,1952,11320512
Brazil,Americas,1957,13110234
Brazil,Americas,1962,15207878
Brazil,Americas,1967,17609965
Brazil,Americas,1972,20168012
Brazil,Americas,1977,22862790
Brazil,Americas,1982,25792588
Brazil,Americas,1987,28587615
Brazil,Americas,1992,31195195
Brazil,Americas,1997,33709344
Brazil,Americas,2002,35982842
Brazil,Americas,2007,38002129
Bulgaria,Europe,1952,1454980
Bulgaria,Europe,1957,1530251
Bulgaria,Europe,1962,1602589
Bulgaria,Europe,1967,1662045
Bulgaria,Europe,1972,1715240
Bulgaria,Europe,1977,1759404
Bulgaria,Europe,1982,1778420
Bulgaria,Europe,1987,1794392
Bulgaria,Europe,1992,1731701
Bulgaria,Europe,1997,1613211
Bulgaria,Europe,2002,1532360
Bulgaria,Europe,2007,1464572
Burkina Faso,Africa,1952,893996
Burkina Faso,Africa,1957,942683
Burkina Faso,Africa,1962,983926
Burkina Faso,Africa,1967,1025587
Burkina Faso,Africa,1972,1086777
Burkina Faso,Africa,1977,1177915
Burkina Faso,Africa,1982,1326919
Burkina Faso,Africa,1987,1517310
Burkina Faso,Africa,1992,1775661
Burkina Faso,Africa,1997,2070569
Burkina Faso,Africa,2002,2450242
Burkina Faso,Africa,2007,2865241
Burundi,Africa,1952,489124
Burundi,Africa,1957,533504
Burundi,Africa,1962,592383
Burundi,Africa,1967,666198
Burundi,Africa,1972,705997
Burundi,Africa,1977,766883
Burundi,Africa,1982,916082
Burundi,Africa,1987,1025205
Burundi,Africa,1992,1161847
Burundi,Africa,1997,1224322
Burundi,Africa,2002,1404216
Burundi,Africa,2007,1678101
Cambodia,Asia,1952,938767
Cambodia,Asia,1957,1064507
Cambodia,Asia,1962,1216724
Cambodia,Asia,1967,1392013
Cambodia,Asia,1972,1490121
Cambodia,Asia,1977,1395721
Cambodia,Asia,1982,1454497
Cambodia,Asia,1987,1674358
Cambodia,Asia,1992,2030019
Cambodia,Asia,1997,2356592
Cambodia,Asia,2002,2585341
Cambodia,Asia,2007,2826372
Cameroon,Africa,1952,1001813
Cameroon,Africa,1957,1071985
Cameroon,Africa,1962,1158727
Cameroon,Africa,1967,1267101
Cameroon,Africa,1972,1404206
Cameroon,Africa,1977,1591973
Cameroon,Africa,1982,1850166
Cameroon,Africa,1987,2156133
Cameroon,Africa,1992,2493434
Cameroon,Africa,1997,2839162
Cameroon,Africa,2002,3185998
Cameroon,Africa,2007,3539259
Canada,Americas,1952,2957117
Canada,Americas,1957,3402031
Canada,Americas,1962,3797170
Canada,Americas,1967,4163953
Canada,Americas,1972,4456900
Canada,Americas,1977,4759280
Canada,Americas,1982,5040380
Canada,Americas,1987,5309940
Canada,Americas,1992,5704700
Canada,Americas,1997,6061169
Canada,Americas,2002,6380454
Canada,Americas,2007,6678028
Central African Republic,Africa,1952,258339
Central African Republic,Africa,1957,278457
Central African Republic,Africa,1962,304696
Central African Republic,Africa,1967,346728
Central African Republic,Africa,1972,385452
Central African Republic,Africa,1977,433507
Central African Republic,Africa,1982,495394
Central African Republic,Africa,1987,568002
Central African Republic,Africa,1992,653025
Central African Republic,Africa,1997,739303
Central African Republic,Africa,2002,809603
Central African Republic,Africa,2007,873808
Chad,Africa,1952,536492
Chad,Africa,1957,578971
Chad,Africa,1962,630083
Chad,Africa,1967,699193
Chad,Africa,1972,779814
Chad,Africa,1977,877652
Chad,Africa,1982,975024
Chad,Africa,1987,1099791
Chad,Africa,1992,1285883
Chad,Africa,1997,1512402
Chad,Africa,2002,1767148
Chad,Africa,2007,2047761
Chile,Americas,1952,1275524
Chile,Americas,1957,1409685
Chile,Americas,1962,1592252
Chile,Americas,1967,1771782
Chile,Americas,1972,1943505
Chile,Americas,1977,2119959
Chile,Americas,1982,2297422
Chile,Americas,1987,2492671
Chile,Americas,1992,2714599
Chile,Americas,1997,2919986
Chile,Americas,2002,3099409
Chile,Americas,2007,3256948
China,Asia,1952,111252705
China,Asia,1957,127481600
China,Asia,1962,133154000
China,Asia,1967,150910000
China,Asia,1972,172406000
China,Asia,1977,188691000
China,Asia,1982,200056200
China,Asia,1987,216807000
China,Asia,1992,232994000
China,Asia,1997,246015000
China,Asia,2002,256080000
China,Asia,2007,263736619
Colombia,Americas,1952,2470154
Colombia,Americas,1957,2897199
Colombia,Americas,1962,3401977
Colombia,Americas,1967,3952805
Colombia,Americas,1972,4508578
Colombia,Americas,1977,5018882
Colombia,Americas,1982,5552929
Colombia,Americas,1987,6192849
Colombia,Americas,1992,6840544
Colombia,Americas,1997,7531566
Colombia,Americas,2002,8201645
Colombia,Americas,2007,8845510
Comoros,Africa,1952,30787
Comoros,Africa,1957,34186
Comoros,Africa,1962,38338
Comoros,Africa,1967,43476
Comoros,Africa,1972,50005
Comoros,Africa,1977,60948
Comoros,Africa,1982,69729
Comoros,Africa,1987,79023
Comoros,Africa,1992,90886
Comoros,Africa,1997,105596
Comoros,Africa,2002,122876
Comoros,Africa,2007,142192
"Congo, Dem. Rep.",Africa,1952,2820001
"Congo, Dem. Rep.",Africa,1957,3115586
"Congo, Dem. Rep.",Africa,1962,3497287
"Congo, Dem. Rep.",Africa,1967,3988215
"Congo, Dem. Rep.",Africa,1972,4601534
"Congo, Dem. Rep.",Africa,1977,5296174
"Congo, Dem. Rep.",Africa,1982,6129299
"Congo, Dem. Rep.",Africa,1987,7096329
"Congo, Dem. Rep.",Africa,1992,8334429
"Congo, Dem. Rep.",Africa,1997,9559797
"Congo, Dem. Rep.",Africa,2002,11075970
"Congo, Dem. Rep.",Africa,2007,12921352
"Congo, Rep.",Africa,1952,170977
"Congo, Rep.",Africa,1957,188092
"Congo, Rep.",Africa,1962,209585
"Congo, Rep.",Africa,1967,235952
"Congo, Rep.",Africa,1972,268092
"Congo, Rep.",Africa,1977,307354
"Congo, Rep.",Africa,1982,354947
"Congo, Rep.",Africa,1987,412819
"Congo, Rep.",Africa,1992,481815
"Congo, Rep.",Africa,1997,560189
"Congo, Rep.",Africa,2002,665759
"Congo, Rep.",Africa,2007,760122
Costa Rica,Americas,1952,185263
Costa Rica,Americas,1957,222460
Costa Rica,Americas,1962,269037
Costa Rica,Americas,1967,317743
Costa Rica,Americas,1972,366959
Costa Rica,Americas,1977,421691
Costa Rica,Americas,1982,484873
Costa Rica,Americas,1987,559962
Costa Rica,Americas,1992,634643
Costa Rica,Americas,1997,703621
Costa Rica,Americas,2002,766987
Costa Rica,Americas,2007,826777
Cote d'Ivoire,Africa,1952,595404
Cote d'Ivoire,Africa,1957,660000
Cote d'Ivoire,Africa,1962,766482
Cote d'Ivoire,Africa,1967,948974
Cote d'Ivoire,Africa,1972,1214339
Cote d'Ivoire,Africa,1977,1491915
Cote d'Ivoire,Africa,1982,1805190
Cote d'Ivoire,Africa,1987,2152220
Cote d'Ivoire,Africa,1992,2554519
Cote d'Ivoire,Africa,1997,2925193
Cote d'Ivoire,Africa,2002,3250545
Cote d'Ivoire,Africa,2007,3602682
Croatia,Europe,1952,776446
Croatia,Europe,1957,798248
Croatia,Europe,1962,815311
Croatia,Europe,1967,834873
Croatia,Europe,1972,845062
Croatia,Europe,1977,863735
Croatia,Europe,1982,882674
Croatia,Europe,1987,896862
Croatia,Europe,1992,898803
Croatia,Europe,1997,888919
Croatia,Europe,2002,896204
Croatia,Europe,2007,898662
Cuba,Americas,1952,1201559
Cuba,Americas,1957,1328150
Cuba,Americas,1962,1450875
Cuba,Americas,1967,1627866
Cuba,Americas,1972,1766270
Cuba,Americas,1977,1907598
Cuba,Americas,1982,1957845
Cuba,Americas,1987,2047968
Cuba,Americas,1992,2144652
Cuba,Americas,1997,2196601
Cuba,Americas,2002,2245400
Cuba,Americas,2007,2283397
Czech Republic,Europe,1952,1825037
Czech Republic,Europe,1957,1902752
Czech Republic,Europe,1962,1924056
Czech Republic,Europe,1967,1967022
Czech Republic,Europe,1972,1972432
Czech Republic,Europe,1977,2032383
Czech Republic,Europe,1982,2060741
Czech Republic,Europe,1987,2062319
Czech Republic,Europe,1992,2063140
Czech Republic,Europe,1997,2060141
Czech Republic,Europe,2002,2051259
Czech Republic,Europe,2007,2045749
Denmark,Europe,1952,866800
Denmark,Europe,1957,897566
Denmark,Europe,1962,929380
Denmark,Europe,1967,967760
Denmark,Europe,1972,998319
Denmark,Europe,1977,1017684
Denmark,Europe,1982,1023562
Denmark,Europe,1987,1025405
Denmark,Europe,1992,1034279
Denmark,Europe,1997,1056733
Denmark,Europe,2002,1074939
Denmark,Europe,2007,1093624
Djibouti,Africa,1952,12630
Djibouti,Africa,1957,14370
Djibouti,Africa,1962,17980
Djibouti,Africa,1967,25523
Djibouti,Africa,1972,35770
Djibouti,Africa,1977,45739
Djibouti,Africa,1982,61198
Djibouti,Africa,1987,62205
Djibouti,Africa,1992,76831
Djibouti,Africa,1997,83582
Djibouti,Africa,2002,89483
Djibouti,Africa,2007,99275
Dominican Republic,Americas,1952,498269
Dominican Republic,Americas,1957,584637
Dominican Republic,Americas,1962,690687
Dominican Republic,Americas,1967,809829
Dominican Republic,Americas,1972,934266
Dominican Republic,Americas,1977,1060560
Dominican Republic,Americas,1982,1193670
Dominican Republic,Americas,1987,1331059
Dominican Republic,Americas,1992,1470236
Dominican Republic,Americas,1997,1598471
Dominican Republic,Americas,2002,1730064
Dominican Republic,Americas,2007,1863924
Ecuador,Americas,1952,709751
Ecuador,Americas,1957,811677
Ecuador,Americas,1962,936341
Ecuador,Americas,1967,1086485
Ecuador,Americas,1972,1259730
Ecuador,Americas,1977,1455773
Ecuador,Americas,1982,1673170
Ecuador,Americas,1987,1909032
Ecuador,Americas,1992,2149679
Ecuador,Americas,1997,2382364
Ecuador,Americas,2002,2584247
Ecuador,Americas,2007,2751136
Egypt,Africa,1952,4444662
Egypt,Africa,1957,5001948
Egypt,Africa,1962,5634662
Egypt,Africa,1967,6336238
Egypt,Africa,1972,6961483
Egypt,Africa,1977,7756773
Egypt,Africa,1982,9136362
Egypt,Africa,1987,10559812
Egypt,Africa,1992,11880440
Egypt,Africa,1997,13226858
Egypt,Africa,2002,14662512
Egypt,Africa,2007,16052909
El Salvador,Americas,1952,408573
El Salvador,Americas,1957,471161
El Salvador,Americas,1962,549537
El Salvador,Americas,1967,646585
El Salvador,Americas,1972,758181
El Salvador,Americas,1977,856517
El Salvador,Americas,1982,894975
El Salvador,Americas,1987,968439
El Salvador,Americas,1992,1054930
El Salvador,Americas,1997,1156688
El Salvador,Americas,2002,1270736
El Salvador,Americas,2007,1387938
Equatorial Guinea,Africa,1952,43393
Equatorial Guinea,Africa,1957,46584
Equatorial Guinea,Africa,1962,49844
Equatorial Guinea,Africa,1967,51973
Equatorial Guinea,Africa,1972,55521
Equatorial Guinea,Africa,1977,38535
Equatorial Guinea,Africa,1982,57097
Equatorial Guinea,Africa,1987,68249
Equatorial Guinea,Africa,1992,77568
Equatorial Guinea,Africa,1997,87994
Equatorial Guinea,Africa,2002,99125
Equatorial Guinea,Africa,2007,110240
Eritrea,Africa,1952,287752
Eritrea,Africa,1957,308522
Eritrea,Africa,1962,333324
Eritrea,Africa,1967,364064
Eritrea,Africa,1972,452037
Eritrea,Africa,1977,502528
Eritrea,Africa,1982,527459
Eritrea,Africa,1987,583192
Eritrea,Africa,1992,733688
Eritrea,Africa,1997,811664
Eritrea,Africa,2002,882973
Eritrea,Africa,2007,981317
Ethiopia,Africa,1952,4172188
Ethiopia,Africa,1957,4563123
Ethiopia,Africa,1962,5029074
Ethiopia,Africa,1967,5572059
Ethiopia,Africa,1972,6154074
Ethiopia,Africa,1977,6923560
Ethiopia,Africa,1982,7622351
Ethiopia,Africa,1987,8599906
Ethiopia,Africa,1992,10417712
Ethiopia,Africa,1997,11972260
Ethiopia,Africa,2002,13589359
Ethiopia,Africa,2007,15302377
Finland,Europe,1952,818100
Finland,Europe,1957,864800
Finland,Europe,1962,898289
Finland,Europe,1967,921149
Finland,Europe,1972,927931
Finland,Europe,1977,947780
Finland,Europe,1982,965387
Finland,Europe,1987,986346
Finland,Europe,1992,1008208
Finland,Europe,1997,1026881
Finland,Europe,2002,1038608
Finland,Europe,2007,1047692
France,Europe,1952,8491933
France,Europe,1957,8862173
France,Europe,1962,9424800
France,Europe,1967,9913800
France,Europe,1972,10346400
France,Europe,1977,10633004
France,Europe,1982,10886713
France,Europe,1987,11126020
France,Europe,1992,11474836
France,Europe,1997,11724686
France,Europe,2002,11985007
France,Europe,2007,12216783
Gabon,Africa,1952,84140
Gabon,Africa,1957,86981
Gabon,Africa,1962,91132
Gabon,Africa,1967,97801
Gabon,Africa,1972,107595
Gabon,Africa,1977,141273
Gabon,Africa,1982,150775
Gabon,Africa,1987,176079
Gabon,Africa,1992,197148
Gabon,Africa,1997,225238
Gabon,Africa,2002,259861
Gabon,Africa,2007,290973
Gambia,Africa,1952,56864
Gambia,Africa,1957,64630
Gambia,Africa,1962,74804
Gambia,Africa,1967,87919
Gambia,Africa,1972,103420
Gambia,Africa,1977,121655
Gambia,Africa,1982,143105
Gambia,Africa,1987,169681
Gambia,Africa,1992,205077
Gambia,Africa,1997,247153
Gambia,Africa,2002,291553
Gambia,Africa,2007,337672
Germany,Europe,1952,13829190
Germany,Europe,1957,14203814
Germany,Europe,1962,14747823
Germany,Europe,1967,15273691
Germany,Europe,1972,15743418
Germany,Europe,1977,15632155
Germany,Europe,1982,15667053
Germany,Europe,1987,15543660
Germany,Europe,1992,16119553
Germany,Europe,1997,16402215
Germany,Europe,2002,16470134
Germany,Europe,2007,16480199
Ghana,Africa,1952,1116200
Ghana,Africa,1957,1278258
Ghana,Africa,1962,1471050
Ghana,Africa,1967,1698043
Ghana,Africa,1972,1870824
Ghana,Africa,1977,2107619
Ghana,Africa,1982,2280068
Ghana,Africa,1987,2833620
Ghana,Africa,1992,3255748
Ghana,Africa,1997,3683658
Ghana,Africa,2002,4110150
Ghana,Africa,2007,4574668
Greece,Europe,1952,1546650
Greece,Europe,1957,1619244
Greece,Europe,1962,1689647
Greece,Europe,1967,1743288
Greece,Europe,1972,1777726
Greece,Europe,1977,1861696
Greece,Europe,1982,1957296
Greece,Europe,1987,1994898
Greece,Europe,1992,2065086
Greece,Europe,1997,2100474
Greece,Europe,2002,2120773
Greece,Europe,2007,2141258
Guatemala,Americas,1952,629276
Guatemala,Americas,1957,728175
Guatemala,Americas,1962,841772
Guatemala,Americas,1967,938155
Guatemala,Americas,1972,1029916
Guatemala,Americas,1977,1140686
Guatemala,Americas,1982,1279126
Guatemala,Americas,1987,1465281
Guatemala,Americas,1992,1697390
Guatemala,Americas,1997,1960775
Guatemala,Americas,2002,2235730
Guatemala,Americas,2007,2514586
Guinea,Africa,1952,532850
Guinea,Africa,1957,575345
Guinea,Africa,1962,628001
Guinea,Africa,1967,690284
Guinea,Africa,1972,762277
Guinea,Africa,1977,845405
Guinea,Africa,1982,942099
Guinea,Africa,1987,1130052
Guinea,Africa,1992,1398115
Guinea,Africa,1997,1609767
Guinea,Africa,2002,1761564
Guinea,Africa,2007,1989563
Guinea-Bissau,Africa,1952,116131
Guinea-Bissau,Africa,1957,120219
Guinea-Bissau,Africa,1962,125564
Guinea-Bissau,Africa,1967,120257
Guinea-Bissau,Africa,1972,125072
Guinea-Bissau,Africa,1977,149046
Guinea-Bissau,Africa,1982,165197
Guinea-Bissau,Africa,1987,185505
Guinea-Bissau,Africa,1992,210188
Guinea-Bissau,Africa,1997,238742
Guinea-Bissau,Africa,2002,266492
Guinea-Bissau,Africa,2007,294408
Haiti,Americas,1952,640298
Haiti,Americas,1957,701540
Haiti,Americas,1962,776026
Haiti,Americas,1967,863627
Haiti,Americas,1972,939660
Haiti,Americas,1977,981711
Haiti,Americas,1982,1039680
Haiti,Americas,1987,1151241
Haiti,Americas,1992,1265336
Haiti,Americas,1997,1382709
Haiti,Americas,2002,1521530
Haiti,Americas,2007,1700563
Honduras,Americas,1952,303491
Honduras,Americas,1957,354078
Honduras,Americas,1962,418032
Honduras,Americas,1967,500138
Honduras,Americas,1972,593029
Honduras,Americas,1977,611047
Honduras,Americas,1982,733890
Honduras,Americas,1987,874441
Honduras,Americas,1992,1015469
Honduras,Americas,1997,1173591
Honduras,Americas,2002,1335466
Honduras,Americas,2007,1496753
"Hong Kong, China",Asia,1952,425180
"Hong Kong, China",Asia,1957,547260
"Hong Kong, China",Asia,1962,661040
"Hong Kong, China",Asia,1967,744560
"Hong Kong, China",Asia,1972,823140
"Hong Kong, China",Asia,1977,916740
"Hong Kong, China",Asia,1982,1052900
"Hong Kong, China",Asia,1987,1116902
"Hong Kong, China",Asia,1992,1165939
"Hong Kong, China",Asia,1997,1299184
"Hong Kong, China",Asia,2002,1352495
"Hong Kong, China",Asia,2007,1396082
Hungary,Europe,1952,1900800
Hungary,Europe,1957,1967800
Hungary,Europe,1962,2012600
Hungary,Europe,1967,2044684
Hungary,Europe,1972,2078818
Hungary,Europe,1977,2127434
Hungary,Europe,1982,2141107
Hungary,Europe,1987,2122548
Hungary,Europe,1992,2069737
Hungary,Europe,1997,2048937
Hungary,Europe,2002,2016663
Hungary,Europe,2007,1991222
Iceland,Europe,1952,29592
Iceland,Europe,1957,33022
Iceland,Europe,1962,36411
Iceland,Europe,1967,39735
Iceland,Europe,1972,41855
Iceland,Europe,1977,44365
Iceland,Europe,1982,46799
Iceland,Europe,1987,48935
Iceland,Europe,1992,51802
Iceland,Europe,1997,54238
Iceland,Europe,2002,57606
Iceland,Europe,2007,60386
India,Asia,1952,74400000
India,Asia,1957,81800000
India,Asia,1962,90800000
India,Asia,1967,101200000
India,Asia,1972,113400000
India,Asia,1977,126800000
India,Asia,1982,141600000
India,Asia,1987,157600000
India,Asia,1992,174400000
India,Asia,1997,191800000
India,Asia,2002,206834509
India,Asia,2007,222079266
Indonesia,Asia,1952,16410400
Indonesia,Asia,1957,18024800
Indonesia,Asia,1962,19805600
Indonesia,Asia,1967,21868600
Indonesia,Asia,1972,24256400
Indonesia,Asia,1977,27345000
Indonesia,Asia,1982,30668600
Indonesia,Asia,1987,33855200
Indonesia,Asia,1992,36963200
Indonesia,Asia,1997,39855600
Indonesia,Asia,2002,42212000
Indonesia,Asia,2007,44709400
Iran,Asia,1952,3454400
Iran,Asia,1957,3958400
Iran,Asia,1962,4574800
Iran,Asia,1967,5307600
Iran,Asia,1972,6122800
Iran,Asia,1977,7096136
Iran,Asia,1982,8614550
Iran,Asia,1987,10377939
Iran,Asia,1992,12079595
Iran,Asia,1997,12665597
Iran,Asia,2002,13381565
Iran,Asia,2007,13890714
Iraq,Asia,1952,1088353
Iraq,Asia,1957,1249729
Iraq,Asia,1962,1448052
Iraq,Asia,1967,1703856
Iraq,Asia,1972,2012301
Iraq,Asia,1977,2376583
Iraq,Asia,1982,2834664
Iraq,Asia,1987,3308638
Iraq,Asia,1992,3572381
Iraq,Asia,1997,4155141
Iraq,Asia,2002,4800363
Iraq,Asia,2007,5499928
Ireland,Europe,1952,590431
Ireland,Europe,1957,575644
Ireland,Europe,1962,566000
Ireland,Europe,1967,580020
Ireland,Europe,1972,604880
Ireland,Europe,1977,654380
Ireland,Europe,1982,696000
Ireland,Europe,1987,707980
Ireland,Europe,1992,711552
Ireland,Europe,1997,733447
Ireland,Europe,2002,775831
Ireland,Europe,2007,821817
Israel,Asia,1952,324183
Israel,Asia,1957,388880
Israel,Asia,1962,462181
Israel,Asia,1967,538717
Israel,Asia,1972,619179
Israel,Asia,1977,699184
Israel,Asia,1982,771684
Israel,Asia,1987,840630
Israel,Asia,1992,987310
Israel,Asia,1997,1106277
Israel,Asia,2002,1205906
Israel,Asia,2007,1285336
Italy,Europe,1952,9533200
Italy,Europe,1957,9836400
Italy,Europe,1962,10168640
Italy,Europe,1967,10533420
Italy,Europe,1972,10873113
Italy,Europe,1977,11211849
Italy,Europe,1982,11307127
Italy,Europe,1987,11345941
Italy,Europe,1992,11368169
Italy,Europe,1997,11495894
Italy,Europe,2002,11585400
Italy,Europe,2007,11629547
Jamaica,Americas,1952,285219
Jamaica,Americas,1957,307018
Jamaica,Americas,1962,333026
Jamaica,Americas,1967,372219
Jamaica,Americas,1972,399523
Jamaica,Americas,1977,431363
Jamaica,Americas,1982,459662
Jamaica,Americas,1987,465321
Jamaica,Americas,1992,475724
Jamaica,Americas,1997,506262
Jamaica,Americas,2002,532932
Jamaica,Americas,2007,556026
Japan,Asia,1952,17291805
Japan,Asia,1957,18312602
Japan,Asia,1962,19166351
Japan,Asia,1967,20165056
Japan,Asia,1972,21437655
Japan,Asia,1977,22774495
Japan,Asia,1982,23690995
Japan,Asia,1987,24418265
Japan,Asia,1992,24865854
Japan,Asia,1997,25191300
Japan,Asia,2002,25413168
Japan,Asia,2007,25493594
Jordan,Asia,1952,121583
Jordan,Asia,1957,149312
Jordan,Asia,1962,186712
Jordan,Asia,1967,251012
Jordan,Asia,1972,322710
Jordan,Asia,1977,387530
Jordan,Asia,1982,469406
Jordan,Asia,1987,564008
Jordan,Asia,1992,773482
Jordan,Asia,1997,905247
Jordan,Asia,2002,1061494
Jordan,Asia,2007,1210639
Kenya,Africa,1952,1292809
Kenya,Africa,1957,1490956
Kenya,Africa,1962,1735711
Kenya,Africa,1967,2038302
Kenya,Africa,1972,2408957
Kenya,Africa,1977,2900081
Kenya,Africa,1982,3532290
Kenya,Africa,1987,4239616
Kenya,Africa,1992,5004108
Kenya,Africa,1997,5652765
Kenya,Africa,2002,6277368
Kenya,Africa,2007,7122035
"Korea, Dem. Rep.",Asia,1952,1773098
"Korea, Dem. Rep.",Asia,1957,1882276
"Korea, Dem. Rep.",Asia,1962,2183499
"Korea, Dem. Rep.",Asia,1967,2523402
"Korea, Dem. Rep.",Asia,1972,2956248
"Korea, Dem. Rep.",Asia,1977,3265064
"Korea, Dem. Rep.",Asia,1982,3529504
"Korea, Dem. Rep.",Asia,1987,3813511
"Korea, Dem. Rep.",Asia,1992,4142275
"Korea, Dem. Rep.",Asia,1997,4317021
"Korea, Dem. Rep.",Asia,2002,4443073
"Korea, Dem. Rep.",Asia,2007,4660345
"Korea, Rep.",Asia,1952,4189514
"Korea, Rep.",Asia,1957,4522310
"Korea, Rep.",Asia,1962,5284061
"Korea, Rep.",Asia,1967,6026200
"Korea, Rep.",Asia,1972,6701000
"Korea, Rep.",Asia,1977,7287200
"Korea, Rep.",Asia,1982,7865200
"Korea, Rep.",Asia,1987,8324400
"Korea, Rep.",Asia,1992,8761090
"Korea, Rep.",Asia,1997,9234763
"Korea, Rep.",Asia,2002,9593830
"Korea, Rep.",Asia,2007,9808958
Kuwait,Asia,1952,32000
Kuwait,Asia,1957,42569
Kuwait,Asia,1962,71653
Kuwait,Asia,1967,115001
Kuwait,Asia,1972,168387
Kuwait,Asia,1977,228071
Kuwait,Asia,1982,299499
Kuwait,Asia,1987,378297
Kuwait,Asia,1992,283619
Kuwait,Asia,1997,353069
Kuwait,Asia,2002,422312
Kuwait,Asia,2007,501112
Lebanon,Asia,1952,287906
Lebanon,Asia,1957,329482
Lebanon,Asia,1962,377370
Lebanon,Asia,1967,437379
Lebanon,Asia,1972,536004
Lebanon,Asia,1977,623157
Lebanon,Asia,1982,617375
Lebanon,Asia,1987,617871
Lebanon,Asia,1992,643999
Lebanon,Asia,1997,686078
Lebanon,Asia,2002,735556
Lebanon,Asia,2007,784256
Lesotho,Africa,1952,149749
Lesotho,Africa,1957,162668
Lesotho,Africa,1962,178629
Lesotho,Africa,1967,199276
Lesotho,Africa,1972,223356
Lesotho,Africa,1977,250305
Lesotho,Africa,1982,282361
Lesotho,Africa,1987,319840
Lesotho,Africa,1992,360639
Lesotho,Africa,1997,396565
Lesotho,Africa,2002,409354
Lesotho,Africa,2007,402530
Liberia,Africa,1952,172662
Liberia,Africa,1957,195190
Liberia,Africa,1962,222559
Liberia,Africa,1967,255881
Liberia,Africa,1972,296526
Liberia,Africa,1977,340723
Liberia,Africa,1982,391375
Liberia,Africa,1987,453883
Liberia,Africa,1992,382595
Liberia,Africa,1997,440145
Liberia,Africa,2002,562930
Liberia,Africa,2007,638788
Libya,Africa,1952,203946
Libya,Africa,1957,240316
Libya,Africa,1962,288373
Libya,Africa,1967,351845
Libya,Africa,1972,436775
Libya,Africa,1977,544357
Libya,Africa,1982,668815
Libya,Africa,1987,759969
Libya,Africa,1992,872900
Libya,Africa,1997,951934
Libya,Africa,2002,1073717
Libya,Africa,2007,1207383
Madagascar,Africa,1952,952582
Madagascar,Africa,1957,1036336
Madagascar,Africa,1962,1140665
Madagascar,Africa,1967,1266911
Madagascar,Africa,1972,1416486
Madagascar,Africa,1977,1601433
Madagascar,Africa,1982,1834295
Madagascar,Africa,1987,2113728
Madagascar,Africa,1992,2442079
Madagascar,Africa,1997,2833023
Madagascar,Africa,2002,3294695
Madagascar,Africa,2007,3833531
Malawi,Africa,1952,583560
Malawi,Africa,1957,644248
Malawi,Africa,1962,725722
Malawi,Africa,1967,829450
Malawi,Africa,1972,946199
Malawi,Africa,1977,1127449
Malawi,Africa,1982,1300565
Malawi,Africa,1987,1564949
Malawi,Africa,1992,2002850
Malawi,Africa,1997,2083998
Malawi,Africa,2002,2364899
Malawi,Africa,2007,2665416
Malaysia,Asia,1952,1349676
Malaysia,Asia,1957,1547847
Malaysia,Asia,1962,1781277
Malaysia,Asia,1967,2030976
Malaysia,Asia,1972,2288292
Malaysia,Asia,1977,2569076
Malaysia,Asia,1982,2888383
Malaysia,Asia,1987,3266357
Malaysia,Asia,1992,3663900
Malaysia,Asia,1997,4095218
Malaysia,Asia,2002,4532473
Malaysia,Asia,2007,4964257
Mali,Africa,1952,767634
Mali,Africa,1957,848377
Mali,Africa,1962,938074
Mali,Africa,1967,1042483
Mali,Africa,1972,1165632
Mali,Africa,1977,1298330
Mali,Africa,1982,1399651
Mali,Africa,1987,1526802
Mali,Africa,1992,1683243
Mali,Africa,1997,1876997
Mali,Africa,2002,2116035
Mali,Africa,2007,2406359
Mauritania,Africa,1952,204511
Mauritania,Africa,1957,215370
Mauritania,Africa,1962,229351
Mauritania,Africa,1967,246108
Mauritania,Africa,1972,266557
Mauritania,Africa,1977,291338
Mauritania,Africa,1982,324427
Mauritania,Africa,1987,368248
Mauritania,Africa,1992,423893
Mauritania,Africa,1997,488948
Mauritania,Africa,2002,565772
Mauritania,Africa,2007,654013
Mauritius,Africa,1952,103311
Mauritius,Africa,1957,121963
Mauritius,Africa,1962,140203
Mauritius,Africa,1967,157862
Mauritius,Africa,1972,170267
Mauritius,Africa,1977,182605
Mauritius,Africa,1982,198408
Mauritius,Africa,1987,208533
Mauritius,Africa,1992,219240
Mauritius,Africa,1997,229964
Mauritius,Africa,2002,240041
Mauritius,Africa,2007,250176
Mexico,Americas,1952,6028863
Mexico,Americas,1957,7003110
Mexico,Americas,1962,8224297
Mexico,Americas,1967,9599112
Mexico,Americas,1972,11196859
Mexico,Americas,1977,12751995
Mexico,Americas,1982,14328181
Mexico,Americas,1987,16024498
Mexico,Americas,1992,17622206
Mexico,Americas,1997,19179029
Mexico,Americas,2002,20495985
Mexico,Americas,2007,21740178
Mongolia,Asia,1952,160133
Mongolia,Asia,1957,176427
Mongolia,Asia,1962,202056
Mongolia,Asia,1967,229900
Mongolia,Asia,1972,264100
Mongolia,Asia,1977,305600
Mongolia,Asia,1982,351206
Mongolia,Asia,1987,403027
Mongolia,Asia,1992,462560
Mongolia,Asia,1997,498961
Mongolia,Asia,2002,534847
Mongolia,Asia,2007,574825
Montenegro,Europe,1952,82767
Montenegro,Europe,1957,88566
Montenegro,Europe,1962,94906
Montenegro,Europe,1967,100207
Montenegro,Europe,1972,105536
Montenegro,Europe,1977,112015
Montenegro,Europe,1982,112510
Montenegro,Europe,1987,113895
Montenegro,Europe,1992,124324
Montenegro,Europe,1997,138530
Montenegro,Europe,2002,144046
Montenegro,Europe,2007,136947
Morocco,Africa,1952,1987843
Morocco,Africa,1957,2281270
Morocco,Africa,1962,2611321
Morocco,Africa,1967,2954059
Morocco,Africa,1972,3332134
Morocco,Africa,1977,3679388
Morocco,Africa,1982,4039746
Morocco,Africa,1987,4597479
Morocco,Africa,1992,5159648
Morocco,Africa,1997,5705900
Morocco,Africa,2002,6233557
Morocco,Africa,2007,6751435
Mozambique,Africa,1952,1289263
Mozambique,Africa,1957,1407607
Mozambique,Africa,1962,1557789
Mozambique,Africa,1967,1736182
Mozambique,Africa,1972,1961919
Mozambique,Africa,1977,2225574
Mozambique,Africa,1982,2517445
Mozambique,Africa,1987,2578390
Mozambique,Africa,1992,2632146
Mozambique,Africa,1997,3320667
Mozambique,Africa,2002,3694756
Mozambique,Africa,2007,3990331
Myanmar,Asia,1952,4018599
Myanmar,Asia,1957,4346369
Myanmar,Asia,1962,4726887
Myanmar,Asia,1967,5174054
Myanmar,Asia,1972,5693278
Myanmar,Asia,1977,6305617
Myanmar,Asia,1982,6936088
Myanmar,Asia,1987,7605716
Myanmar,Asia,1992,8109308
Myanmar,Asia,1997,8649573
Myanmar,Asia,2002,9119616
Myanmar,Asia,2007,9552396
Namibia,Africa,1952,97166
Namibia,Africa,1957,109616
Namibia,Africa,1962,124278
Namibia,Africa,1967,141328
Namibia,Africa,1972,164356
Namibia,Africa,1977,195405
Namibia,Africa,1982,219802
Namibia,Africa,1987,255637
Namibia,Africa,1992,310851
Namibia,Africa,1997,354953
Namibia,Africa,2002,394431
Namibia,Africa,2007,411016
Nepal,Asia,1952,1836507
Nepal,Asia,1957,1936468
Nepal,Asia,1962,2066411
Nepal,Asia,1967,2252338
Nepal,Asia,1972,2482519
Nepal,Asia,1977,2786640
Nepal,Asia,1982,3159263
Nepal,Asia,1987,3583436
Nepal,Asia,1992,4065242
Nepal,Asia,1997,4600223
Nepal,Asia,2002,5174783
Nepal,Asia,2007,5780358
Netherlands,Europe,1952,2076398
Netherlands,Europe,1957,2205277
Netherlands,Europe,1962,2361138
Netherlands,Europe,1967,2519364
Netherlands,Europe,1972,2665975
Netherlands,Europe,1977,2770598
Netherlands,Europe,1982,2862080
Netherlands,Europe,1987,2933056
Netherlands,Europe,1992,3034849
Netherlands,Europe,1997,3120893
Netherlands,Europe,2002,3224566
Netherlands,Europe,2007,3314123
New Zealand,Oceania,1952,398959
New Zealand,Oceania,1957,445881
New Zealand,Oceania,1962,497710
New Zealand,Oceania,1967,545630
New Zealand,Oceania,1972,585820
New Zealand,Oceania,1977,632980
New Zealand,Oceania,1982,642130
New Zealand,Oceania,1987,663433
New Zealand,Oceania,1992,687535
New Zealand,Oceania,1997,735237
New Zealand,Oceania,2002,781607
New Zealand,Oceania,2007,823154
Nicaragua,Americas,1952,233158
Nicaragua,Americas,1957,271766
Nicaragua,Americas,1962,318119
Nicaragua,Americas,1967,373098
Nicaragua,Americas,1972,436582
Nicaragua,Americas,1977,510920
Nicaragua,Americas,1982,595885
Nicaragua,Americas,1987,668871
Nicaragua,Americas,1992,803588
Nicaragua,Americas,1997,921914
Nicaragua,Americas,2002,1029370
Nicaragua,Americas,2007,1135071
Niger,Africa,1952,675894
Niger,Africa,1957,738437
Niger,Africa,1962,815202
Niger,Africa,1967,906812
Niger,Africa,1972,1012052
Niger,Africa,1977,1136417
Niger,Africa,1982,1287438
Niger,Africa,1987,1466528
Niger,Africa,1992,1678564
Niger,Africa,1997,1933250
Niger,Africa,2002,2228131
Niger,Africa,2007,2578973
Nigeria,Africa,1952,6623819
Nigeria,Africa,1957,7434668
Nigeria,Africa,1962,8374270
Nigeria,Africa,1967,9457550
Nigeria,Africa,1972,10748017
Nigeria,Africa,1977,12441835
Nigeria,Africa,1982,14607875
Nigeria,Africa,1987,16310304
Nigeria,Africa,1992,18672849
Nigeria,Africa,1997,21241568
Nigeria,Africa,2002,23980255
Nigeria,Africa,2007,27006233
Norway,Europe,1952,665546
Norway,Europe,1957,698388
Norway,Europe,1962,727784
Norway,Europe,1967,757204
Norway,Europe,1972,786601
Norway,Europe,1977,808641
Norway,Europe,1982,822957
Norway,Europe,1987,837229
Norway,Europe,1992,857271
Norway,Europe,1997,881134
Norway,Europe,2002,907118
Norway,Europe,2007,925585
Oman,Asia,1952,101567
Oman,Asia,1957,112395
Oman,Asia,1962,125633
Oman,Asia,1967,142955
Oman,Asia,1972,165810
Oman,Asia,1977,200907
Oman,Asia,1982,260210
Oman,Asia,1987,318776
Oman,Asia,1992,383042
Oman,Asia,1997,456727
Oman,Asia,2002,542692
Oman,Asia,2007,640979
Pakistan,Asia,1952,8269312
Pakistan,Asia,1957,9335989
Pakistan,Asia,1962,10620134
Pakistan,Asia,1967,12128380
Pakistan,Asia,1972,13865184
Pakistan,Asia,1977,15630537
Pakistan,Asia,1982,18292418
Pakistan,Asia,1987,21037376
Pakistan,Asia,1992,24013001
Pakistan,Asia,1997,27112967
Pakistan,Asia,2002,30680705
Pakistan,Asia,2007,33854123
Panama,Americas,1952,188016
Panama,Americas,1957,212701
Panama,Americas,1962,243145
Panama,Americas,1967,281097
Panama,Americas,1972,323277
Panama,Americas,1977,367956
Panama,Americas,1982,407261
Panama,Americas,1987,450728
Panama,Americas,1992,496999
Panama,Americas,1997,546906
Panama,Americas,2002,598175
Panama,Americas,2007,648435
Paraguay,Americas,1952,311175
Paraguay,Americas,1957,354180
Paraguay,Americas,1962,401963
Paraguay,Americas,1967,457597
Paraguay,Americas,1972,522821
Paraguay,Americas,1977,596899
Paraguay,Americas,1982,673288
Paraguay,Americas,1987,777302
Paraguay,Americas,1992,896789
Paraguay,Americas,1997,1030825
Paraguay,Americas,2002,1176898
Paraguay,Americas,2007,1333429
Peru,Americas,1952,1605140
Peru,Americas,1957,1829220
Peru,Americas,1962,2103300
Peru,Americas,1967,2426440
Peru,Americas,1972,2790940
Peru,Americas,1977,3198020
Peru,Americas,1982,3625026
Peru,Americas,1987,4039185
Peru,Americas,1992,4486090
Peru,Americas,1997,4949624
Peru,Americas,2002,5353887
Peru,Americas,2007,5734951
Philippines,Asia,1952,4487738
Philippines,Asia,1957,5214439
Philippines,Asia,1962,6065053
Philippines,Asia,1967,7071320
Philippines,Asia,1972,8170028
Philippines,Asia,1977,9370192
Philippines,Asia,1982,10691355
Philippines,Asia,1987,12003558
Philippines,Asia,1992,13437153
Philippines,Asia,1997,15002598
Philippines,Asia,2002,16599018
Philippines,Asia,2007,18215457
Poland,Europe,1952,5146110
Poland,Europe,1957,5647069
Poland,Europe,1962,6065923
Poland,Europe,1967,6357076
Poland,Europe,1972,6607909
Poland,Europe,1977,6924251
Poland,Europe,1982,7245476
Poland,Europe,1987,7548142
Poland,Europe,1992,7674139
Poland,Europe,1997,7730991
Poland,Europe,2002,7725195
Poland,Europe,2007,7703648
Portugal,Europe,1952,1705210
Portugal,Europe,1957,1763530
Portugal,Europe,1962,1803960
Portugal,Europe,1967,1820600
Portugal,Europe,1972,1794090
Portugal,Europe,1977,1932520
Portugal,Europe,1982,1971930
Portugal,Europe,1987,1983058
Portugal,Europe,1992,1985536
Portugal,Europe,1997,2031283
Portugal,Europe,2002,2086773
Portugal,Europe,2007,2128567
Puerto Rico,Americas,1952,445400
Puerto Rico,Americas,1957,452000
Puerto Rico,Americas,1962,489609
Puerto Rico,Americas,1967,529792
Puerto Rico,Americas,1972,569426
Puerto Rico,Americas,1977,616166
Puerto Rico,Americas,1982,655800
Puerto Rico,Americas,1987,688894
Puerto Rico,Americas,1992,717035
Puerto Rico,Americas,1997,751886
Puerto Rico,Americas,2002,771921
Puerto Rico,Americas,2007,788498
Reunion,Africa,1952,51540
Reunion,Africa,1957,61740
Reunion,Africa,1962,71780
Reunion,Africa,1967,82805
Reunion,Africa,1972,92327
Reunion,Africa,1977,98419
Reunion,Africa,1982,103562
Reunion,Africa,1987,112407
Reunion,Africa,1992,124438
Reunion,Africa,1997,136962
Reunion,Africa,2002,148796
Reunion,Africa,2007,159619
Romania,Europe,1952,3326000
Romania,Europe,1957,3565865
Romania,Europe,1962,3736144
Romania,Europe,1967,3856963
Romania,Europe,1972,4132530
Romania,Europe,1977,4331719
Romania,Europe,1982,4471345
Romania,Europe,1987,4537274
Romania,Europe,1992,4559405
Romania,Europe,1997,4512492
Romania,Europe,2002,4480867
Romania,Europe,2007,4455211
Rwanda,Africa,1952,506985
Rwanda,Africa,1957,564416
Rwanda,Africa,1962,610248
Rwanda,Africa,1967,690216
Rwanda,Africa,1972,798424
Rwanda,Africa,1977,931414
Rwanda,Africa,1982,1101513
Rwanda,Africa,1987,1269873
Rwanda,Africa,1992,1458041
Rwanda,Africa,1997,1442517
Rwanda,Africa,2002,1570480
Rwanda,Africa,2007,1772118
Sao Tome and Principe,Africa,1952,12002
Sao Tome and Principe,Africa,1957,12265
Sao Tome and Principe,Africa,1962,13069
Sao Tome and Principe,Africa,1967,14157
Sao Tome and Principe,Africa,1972,15319
Sao Tome and Principe,Africa,1977,17359
Sao Tome and Principe,Africa,1982,19719
Sao Tome and Principe,Africa,1987,22162
Sao Tome and Principe,Africa,1992,25182
Sao Tome and Principe,Africa,1997,29122
Sao Tome and Principe,Africa,2002,34074
Sao Tome and Principe,Africa,2007,39916
Saudi Arabia,Asia,1952,801135
Saudi Arabia,Asia,1957,883930
Saudi Arabia,Asia,1962,988606
Saudi Arabia,Asia,1967,1123640
Saudi Arabia,Asia,1972,1294551
Saudi Arabia,Asia,1977,1625701
Saudi Arabia,Asia,1982,2250934
Saudi Arabia,Asia,1987,2923949
Saudi Arabia,Asia,1992,3389171
Saudi Arabia,Asia,1997,4245952
Saudi Arabia,Asia,2002,4900306
Saudi Arabia,Asia,2007,5520208
Senegal,Africa,1952,551118
Senegal,Africa,1957,610909
Senegal,Africa,1962,686049
Senegal,Africa,1967,793168
Senegal,Africa,1972,917739
Senegal,Africa,1977,1052171
Senegal,Africa,1982,1229557
Senegal,Africa,1987,1434269
Senegal,Africa,1992,1661584
Senegal,Africa,1997,1907063
Senegal,Africa,2002,2174007
Senegal,Africa,2007,2453499
Serbia,Europe,1952,1372029
Serbia,Europe,1957,1454227
Serbia,Europe,1962,1523212
Serbia,Europe,1967,1594244
Serbia,Europe,1972,1662658
Serbia,Europe,1977,1737273
Serbia,Europe,1982,1806565
Serbia,Europe,1987,1846157
Serbia,Europe,1992,1965279
Serbia,Europe,1997,2067319
Serbia,Europe,2002,2022312
Serbia,Europe,2007,2030053
Sierra Leone,Africa,1952,428650
Sierra Leone,Africa,1957,459136
Sierra Leone,Africa,1962,493579
Sierra Leone,Africa,1967,532438
Sierra Leone,Africa,1972,575803
Sierra Leone,Africa,1977,628179
Sierra Leone,Africa,1982,692904
Sierra Leone,Africa,1987,773781
Sierra Leone,Africa,1992,852177
Sierra Leone,Africa,1997,915642
Sierra Leone,Africa,2002,1071818
Sierra Leone,Africa,2007,1228912
Singapore,Asia,1952,225400
Singapore,Asia,1957,289186
Singapore,Asia,1962,350040
Singapore,Asia,1967,395520
Singapore,Asia,1972,430480
Singapore,Asia,1977,465060
Singapore,Asia,1982,530374
Singapore,Asia,1987,558910
Singapore,Asia,1992,647173
Singapore,Asia,1997,760462
Singapore,Asia,2002,839555
Singapore,Asia,2007,910602
Slovak Republic,Europe,1952,711627
Slovak Republic,Europe,1957,768855
Slovak Republic,Europe,1962,847477
Slovak Republic,Europe,1967,888448
Slovak Republic,Europe,1972,918687
Slovak Republic,Europe,1977,965561
Slovak Republic,Europe,1982,1009609
Slovak Republic,Europe,1987,1039864
Slovak Republic,Europe,1992,1060578
Slovak Republic,Europe,1997,1076602
Slovak Republic,Europe,2002,1082010
Slovak Republic,Europe,2007,1089500
Slovenia,Europe,1952,297904
Slovenia,Europe,1957,306614
Slovenia,Europe,1962,316592
Slovenia,Europe,1967,329382
Slovenia,Europe,1972,338902
Slovenia,Europe,1977,349384
Slovenia,Europe,1982,372250
Slovenia,Europe,1987,389174
Slovenia,Europe,1992,399842
Slovenia,Europe,1997,402322
Slovenia,Europe,2002,402299
Slovenia,Europe,2007,401849
Somalia,Africa,1952,505399
Somalia,Africa,1957,556083
Somalia,Africa,1962,616031
Somalia,Africa,1967,685768
Somalia,Africa,1972,768032
Somalia,Africa,1977,870733
Somalia,Africa,1982,1165778
Somalia,Africa,1987,1384372
Somalia,Africa,1992,1219960
Somalia,Africa,1997,1326703
Somalia,Africa,2002,1550662
Somalia,Africa,2007,1823755
South Africa,Africa,1952,2852987
South Africa,Africa,1957,3230310
South Africa,Africa,1962,3671331
South Africa,Africa,1967,4199464
South Africa,Africa,1972,4787162
South Africa,Africa,1977,5425986
South Africa,Africa,1982,6228006
South Africa,Africa,1987,7186676
South Africa,Africa,1992,7992832
South Africa,Africa,1997,8567001
South Africa,Africa,2002,8886724
South Africa,Africa,2007,8799566
Spain,Europe,1952,5709974
Spain,Europe,1957,5968323
Spain,Europe,1962,6231612
Spain,Europe,1967,6570055
Spain,Europe,1972,6902632
Spain,Europe,1977,7287800
Spain,Europe,1982,7596662
Spain,Europe,1987,7776140
Spain,Europe,1992,7909888
Spain,Europe,1997,7971088
Spain,Europe,2002,8030503
Spain,Europe,2007,8089638
Sri Lanka,Asia,1952,1596468
Sri Lanka,Asia,1957,1825709
Sri Lanka,Asia,1962,2084387
Sri Lanka,Asia,1967,2347479
Sri Lanka,Asia,1972,2603347
Sri Lanka,Asia,1977,2823367
Sri Lanka,Asia,1982,3082030
Sri Lanka,Asia,1987,3299061
Sri Lanka,Asia,1992,3517412
Sri Lanka,Asia,1997,3739731
Sri Lanka,Asia,2002,3915357
Sri Lanka,Asia,2007,4075648
Sudan,Africa,1952,1700933
Sudan,Africa,1957,1950678
Sudan,Africa,1962,2236645
Sudan,Africa,1967,2543226
Sudan,Africa,1972,2919404
Sudan,Africa,1977,3420997
Sudan,Africa,1982,4073411
Sudan,Africa,1987,4945192
Sudan,Africa,1992,5645518
Sudan,Africa,1997,6432146
Sudan,Africa,2002,7418060
Sudan,Africa,2007,8458586
Swaziland,Africa,1952,58049
Swaziland,Africa,1957,65348
Swaziland,Africa,1962,74001
Swaziland,Africa,1967,84138
Swaziland,Africa,1972,96021
Swaziland,Africa,1977,110285
Swaziland,Africa,1982,129980
Swaziland,Africa,1987,155870
Swaziland,Africa,1992,192469
Swaziland,Africa,1997,210897
Swaziland,Africa,2002,226054
Swaziland,Africa,2007,226613
Sweden,Europe,1952,1424935
Sweden,Europe,1957,1472760
Sweden,Europe,1962,1512318
Sweden,Europe,1967,1573586
Sweden,Europe,1972,1624459
Sweden,Europe,1977,1650330
Sweden,Europe,1982,1665052
Sweden,Europe,1987,1684281
Sweden,Europe,1992,1743773
Sweden,Europe,1997,1779524
Sweden,Europe,2002,1790835
Sweden,Europe,2007,1806218
Switzerland,Europe,1952,963000
Switzerland,Europe,1957,1025200
Switzerland,Europe,1962,1133200
Switzerland,Europe,1967,1212600
Switzerland,Europe,1972,1280280
Switzerland,Europe,1977,1263285
Switzerland,Europe,1982,1293625
Switzerland,Europe,1987,1329988
Switzerland,Europe,1992,1399089
Switzerland,Europe,1997,1438752
Switzerland,Europe,2002,1472351
Switzerland,Europe,2007,1510932
Syria,Asia,1952,732310
Syria,Asia,1957,829982
Syria,Asia,1962,966924
Syria,Asia,1967,1136162
Syria,Asia,1972,1340234
Syria,Asia,1977,1586501
Syria,Asia,1982,1882099
Syria,Asia,1987,2248569
Syria,Asia,1992,2643812
Syria,Asia,1997,3016203
Syria,Asia,2002,3431163
Syria,Asia,2007,3862949
Taiwan,Asia,1952,1710072
Taiwan,Asia,1957,2032843
Taiwan,Asia,1962,2383788
Taiwan,Asia,1967,2729738
Taiwan,Asia,1972,3045208
Taiwan,Asia,1977,3357039
Taiwan,Asia,1982,3700278
Taiwan,Asia,1987,3951560
Taiwan,Asia,1992,4137384
Taiwan,Asia,1997,4325721
Taiwan,Asia,2002,4490848
Taiwan,Asia,2007,4634859
Tanzania,Africa,1952,1664585
Tanzania,Africa,1957,1890565
Tanzania,Africa,1962,2172792
Tanzania,Africa,1967,2521462
Tanzania,Africa,1972,2941319
Tanzania,Africa,1977,3425913
Tanzania,Africa,1982,3968876
Tanzania,Africa,1987,4608126
Tanzania,Africa,1992,5321095
Tanzania,Africa,1997,6137378
Tanzania,Africa,2002,6918756
Tanzania,Africa,2007,7627928
Thailand,Asia,1952,4257880
Thailand,Asia,1957,5008383
Thailand,Asia,1962,5852679
Thailand,Asia,1967,6804850
Thailand,Asia,1972,7855231
Thailand,Asia,1977,8829657
Thailand,Asia,1982,9765432
Thailand,Asia,1987,10582068
Thailand,Asia,1992,11333419
Thailand,Asia,1997,12043335
Thailand,Asia,2002,12561350
Thailand,Asia,2007,13013630
Togo,Africa,1952,243823
Togo,Africa,1957,271489
Togo,Africa,1962,305620
Togo,Africa,1967,347110
Togo,Africa,1972,411270
Togo,Africa,1977,461716
Togo,Africa,1982,528953
Togo,Africa,1987,630853
Togo,Africa,1992,749511
Togo,Africa,1997,864178
Togo,Africa,2002,995476
Togo,Africa,2007,1140316
Trinidad and Tobago,Americas,1952,132570
Trinidad and Tobago,Americas,1957,152980
Trinidad and Tobago,Americas,1962,177500
Trinidad and Tobago,Americas,1967,192031
Trinidad and Tobago,Americas,1972,195040
Trinidad and Tobago,Americas,1977,207802
Trinidad and Tobago,Americas,1982,223296
Trinidad and Tobago,Americas,1987,238267
Trinidad and Tobago,Americas,1992,236734
Trinidad and Tobago,Americas,1997,227620
Trinidad and Tobago,Americas,2002,220366
Trinidad and Tobago,Americas,2007,211322
Tunisia,Africa,1952,729547
Tunisia,Africa,1957,790170
Tunisia,Africa,1962,857310
Tunisia,Africa,1967,957397
Tunisia,Africa,1972,1060701
Tunisia,Africa,1977,1201012
Tunisia,Africa,1982,1346820
Tunisia,Africa,1987,1544995
Tunisia,Africa,1992,1704615
Tunisia,Africa,1997,1846334
Tunisia,Africa,2002,1954115
Tunisia,Africa,2007,2055232
Turkey,Europe,1952,4447135
Turkey,Europe,1957,5134188
Turkey,Europe,1962,5957739
Turkey,Europe,1967,6682263
Turkey,Europe,1972,7498591
Turkey,Europe,1977,8480807
Turkey,Europe,1982,9465758
Turkey,Europe,1987,10576266
Turkey,Europe,1992,11635829
Turkey,Europe,1997,12609529
Turkey,Europe,2002,13461786
Turkey,Europe,2007,14231729
Uganda,Africa,1952,1164959
Uganda,Africa,1957,1335100
Uganda,Africa,1962,1537759
Uganda,Africa,1967,1780059
Uganda,Africa,1972,2038057
Uganda,Africa,1977,2291552
Uganda,Africa,1982,2587880
Uganda,Africa,1987,3056610
Uganda,Africa,1992,3650438
Uganda,Africa,1997,4242051
Uganda,Africa,2002,4947974
Uganda,Africa,2007,5834080
United Kingdom,Europe,1952,10086000
United Kingdom,Europe,1957,10286000
United Kingdom,Europe,1962,10658400
United Kingdom,Europe,1967,10991800
United Kingdom,Europe,1972,11215800
United Kingdom,Europe,1977,11235800
United Kingdom,Europe,1982,11267941
United Kingdom,Europe,1987,11396324
United Kingdom,Europe,1992,11573270
United Kingdom,Europe,1997,11761653
United Kingdom,Europe,2002,11982486
United Kingdom,Europe,2007,12155248
United States,Americas,1952,31510600
United States,Americas,1957,34396800
United States,Americas,1962,37307600
United States,Americas,1967,39742400
United States,Americas,1972,41979200
United States,Americas,1977,44047800
United States,Americas,1982,46437567
United States,Americas,1987,48560707
United States,Americas,1992,51378838
United States,Americas,1997,54582352
United States,Americas,2002,57535105
United States,Americas,2007,60227989
Uruguay,Americas,1952,450593
Uruguay,Americas,1957,484992
Uruguay,Americas,1962,519693
Uruguay,Americas,1967,549716
Uruguay,Americas,1972,565905
Uruguay,Americas,1977,574704
Uruguay,Americas,1982,590799
Uruguay,Americas,1987,609031
Uruguay,Americas,1992,629852
Uruguay,Americas,1997,652568
Uruguay,Americas,2002,672617
Uruguay,Americas,2007,689499
Venezuela,Americas,1952,1087914
Venezuela,Americas,1957,1340534
Venezuela,Americas,1962,1628675
Venezuela,Americas,1967,1941910
Venezuela,Americas,1972,2303130
Venezuela,Americas,1977,2700713
Venezuela,Americas,1982,3124153
Venezuela,Americas,1987,3582036
Venezuela,Americas,1992,4053113
Venezuela,Americas,1997,4474880
Venezuela,Americas,2002,4857534
Venezuela,Americas,2007,5216932
Vietnam,Asia,1952,5249368
Vietnam,Asia,1957,5799709
Vietnam,Asia,1962,6759228
Vietnam,Asia,1967,7892782
Vietnam,Asia,1972,8931003
Vietnam,Asia,1977,10106701
Vietnam,Asia,1982,11228436
Vietnam,Asia,1987,12565298
Vietnam,Asia,1992,13988146
Vietnam,Asia,1997,15209799
Vietnam,Asia,2002,16181629
Vietnam,Asia,2007,17052471
Palestinian Territories,Asia,1952,206117
Palestinian Territories,Asia,1957,214088
Palestinian Territories,Asia,1962,226627
Palestinian Territories,Asia,1967,228527
Palestinian Territories,Asia,1972,217914
Palestinian Territories,Asia,1977,252218
Palestinian Territories,Asia,1982,285175
Palestinian Territories,Asia,1987,338242
Palestinian Territories,Asia,1992,420956
Palestinian Territories,Asia,1997,565209
Palestinian Territories,Asia,2002,677916
Palestinian Territories,Asia,2007,803666
"Yemen, Rep.",Asia,1952,992766
"Yemen, Rep.",Asia,1957,1099618
"Yemen, Rep.",Asia,1962,1224016
"Yemen, Rep.",Asia,1967,1348157
"Yemen, Rep.",Asia,1972,1481415
"Yemen, Rep.",Asia,1977,1680798
"Yemen, Rep.",Asia,1982,1931524
"Yemen, Rep.",Asia,1987,2243868
"Yemen, Rep.",Asia,1992,2673599
"Yemen, Rep.",Asia,1997,3165299
"Yemen, Rep.",Asia,2002,3740251
"Yemen, Rep.",Asia,2007,4442349
Zambia,Africa,1952,534400
Zambia,Africa,1957,603200
Zambia,Africa,1962,684200
Zambia,Africa,1967,780000
Zambia,Africa,1972,901299
Zambia,Africa,1977,1043310
Zambia,Africa,1982,1220081
Zambia,Africa,1987,1454481
Zambia,Africa,1992,1676233
Zambia,Africa,1997,1883558
Zambia,Africa,2002,2119162
Zambia,Africa,2007,2349207
Zimbabwe,Africa,1952,616181
Zimbabwe,Africa,1957,729268
Zimbabwe,Africa,1962,855547
Zimbabwe,Africa,1967,999086
Zimbabwe,Africa,1972,1172227
Zimbabwe,Africa,1977,1328421
Zimbabwe,Africa,1982,1527305
Zimbabwe,Africa,1987,1843284
Zimbabwe,Africa,1992,2140868
Zimbabwe,Africa,1997,2280990
Zimbabwe,Africa,2002,2385313
Zimbabwe,Africa,2007,2462229
